,acousticness,danceability,energy,instrumentalness,key,liveness,loudness,mode,speechiness,tempo,valence,song_title,artist
0,0.508,0.81,0.619,0.000785,1,0.0866,-4.546,0,0.0393,109.951,0.521,My House (feat. Andrea Obeid),Adam Fine
1,0.395,0.621,0.463,4.71e-06,1,0.128,-10.259,0,0.243,70.722,0.491,The Wonder Years (feat. Chance the Rapper & Nico Segal),The O'My's
2,0.00515,0.602,0.856,2.97e-06,7,0.098,-5.558,1,0.0458,80.021,0.895,Heat of the Summer,Young the Giant
3,0.0155,0.566,0.587,2.05e-05,6,0.111,-5.96,1,0.0308,82.046,0.246,Across The Room (feat. Leon Bridges),ODESZA
4,0.381,0.438,0.677,0.0686,10,0.119,-7.535,1,0.135,167.989,0.214,Beige,Yoke Lore
5,0.153,0.752,0.645,0.0154,7,0.229,-8.594,1,0.0307,119.973,0.425,Oceans,Vallis Alps
6,0.482,0.231,0.465,0.000877,6,0.0593,-9.705,1,0.0373,80.027,0.266,Stay,Chet Porter
7,0.226,0.768,0.54,0.000493,11,0.0987,-9.727,0,0.0363,120.016,0.485,Last 10 Seconds,One11Twenty
8,0.627,0.691,0.507,0.0,11,0.457,-10.23,1,0.0343,128.518,0.885,(What A) Wonderful World,Sam Cooke
9,0.769,0.373,0.301,0.0,9,0.0816,-11.843,1,0.0314,65.488,0.436,Nothing Can Change This Love,Sam Cooke
10,0.0217,0.748,0.842,4.24e-06,10,0.357,-3.107,1,0.0265,119.023,0.945,Dancing in the Moonlight - 2001 Remix,Toploader
11,0.656,0.682,0.466,0.0,9,0.0809,-7.751,1,0.0353,90.989,0.639,Pretty Dirty (In the Fading Light),Ripe
12,0.223,0.609,0.466,0.00934,8,0.0947,-11.735,1,0.178,114.039,0.492,So Close,Tom Misch
13,0.568,0.851,0.541,0.0,0,0.13,-6.825,1,0.0505,124.959,0.448,Girls Like You (feat. Cardi B),Maroon 5
14,0.00533,0.679,0.732,0.117,3,0.088,-7.089,1,0.0526,125.981,0.268,Million Voices,Otto Knows
15,0.0273,0.698,0.715,0.00148,5,0.0857,-5.954,0,0.0508,99.985,0.337,Gold Angel - Zach Nicita Remix,Minke
16,0.0293,0.47,0.789,0.00179,4,0.0907,-6.32,1,0.101,160.379,0.433,Talk to the Moon,Ripe
17,0.73,0.857,0.397,0.000895,6,0.101,-13.063,0,0.0551,100.052,0.459,Onlysmokecigsontheweekend,Walkabout
18,0.276,0.844,0.637,0.00889,9,0.145,-2.984,0,0.0307,100.002,0.409,Lowkey,Elena Coats
19,0.288,0.94,0.6,0.0,9,0.08,-7.517,0,0.0469,129.975,0.772,Radio - Demo Taped Remix,Sylvan Esso
20,0.0895,0.56,0.467,0.0,6,0.162,-9.528,0,0.0315,96.129,0.146,Showered,Rosemary Joaquin
21,0.0298,0.734,0.887,0.0419,1,0.18,-4.634,1,0.0286,118.954,0.961,Istanbul (Not Constantinople),Bart & Baker
22,0.51,0.793,0.875,4.31e-05,10,0.0918,-3.519,1,0.223,116.025,0.605,Pack Up the Louie (Caravan Palace Remix),Caro Emerald
23,0.054,0.631,0.704,0.153,10,0.207,-8.183,0,0.0328,118.017,0.0647,Pegasus,Napkey
24,0.244,0.699,0.689,0.0011,0,0.873,-6.343,1,0.226,175.952,0.679,Extra Mile,Deluxe
25,0.395,0.882,0.81,0.0211,2,0.336,-7.266,0,0.219,127.974,0.824,Bella Ciao,Klischée
26,0.0049,0.703,0.72,1e-05,0,0.0823,-6.713,1,0.0314,110.008,0.904,101,Hoonch
27,0.823,0.752,0.45,0.0,0,0.245,-5.79,1,0.0425,105.969,0.556,Blue Blue Blue,Mike Slap
28,0.0253,0.727,0.64,0.39,3,0.0876,-8.099,0,0.036,117.966,0.584,Le chat,Napkey
29,0.581,0.554,0.337,0.0,1,0.0871,-10.189,1,0.0351,89.961,0.216,First Class,Rainbow Kitten Surprise
30,0.978,0.383,0.102,2.56e-05,2,0.135,-14.066,1,0.0501,77.447,0.038,Sleeping With Roses,Chelsea Cutler
31,0.194,0.71,0.66,0.005,4,0.107,-8.512,1,0.0294,102.058,0.33,Sand & Lead,NEIKED
32,0.543,0.718,0.628,0.0,10,0.116,-6.007,0,0.223,92.107,0.722,SWEET,BROCKHAMPTON
33,0.342,0.709,0.691,3.04e-06,9,0.0717,-5.388,1,0.0271,106.05,0.371,You & Me,Jill Baylon
34,0.0991,0.654,0.606,5.57e-05,2,0.31,-8.576,1,0.0717,90.058,0.358,The Reason,Chelsea Cutler
35,0.0457,0.678,0.633,0.00069,0,0.126,-7.121,1,0.0326,100.004,0.399,Wake Up (111th Dream),Magic Bronson
36,0.176,0.488,0.538,0.000183,5,0.093,-8.084,1,0.15,178.408,0.617,Sour Candy,Melt
37,0.455,0.772,0.649,0.0,10,0.0736,-4.514,1,0.0357,102.013,0.667,Stonewallin',Jane Decker
38,0.842,0.554,0.19,0.0,2,0.133,-18.27,1,0.0399,86.98,0.385,Sea Anemone,Sam Brockington
39,0.125,0.444,0.416,0.00321,7,0.122,-11.348,1,0.046,99.959,0.359,To the Ocean,Clubhouse
40,0.212,0.62,0.611,3.91e-05,4,0.182,-10.03,1,0.0444,93.966,0.567,The Propagandist,-ness
41,0.00084,0.479,0.808,0.0288,1,0.152,-5.604,1,0.0673,75.121,0.588,Home,Islandis
42,0.00963,0.487,0.448,0.000195,11,0.0774,-10.732,1,0.036,177.834,0.658,Streetlights,Boxing at the Zoo
43,0.000672,0.681,0.891,1.07e-06,6,0.0631,-4.28,1,0.0408,100.008,0.556,Adderall,Max Frost
44,0.00646,0.513,0.847,0.0,7,0.0833,-6.662,1,0.0472,100.977,0.338,Runaway Kids,HARBOUR
45,0.918,0.691,0.49,0.376,11,0.0751,-12.883,0,0.275,107.965,0.0385,Daylight,Beauvois
46,0.249,0.685,0.82,0.0,7,0.351,-4.968,1,0.0342,100.051,0.764,Not Alone,Matt and Kim
47,0.12,0.775,0.603,0.0,6,0.125,-6.055,1,0.0426,111.972,0.251,Feel so Good (feat. Lance Thompson & D4),Se-Noj
48,0.0128,0.601,0.804,0.0,6,0.073,-5.796,0,0.0437,95.984,0.906,West Coast,Yam Haus
49,0.149,0.543,0.549,0.082,0,0.114,-6.497,1,0.0306,80.079,0.404,Now & Then,Sjowgren
50,0.508,0.81,0.619,0.000785,1,0.0866,-4.546,0,0.0393,109.951,0.521,My House (feat. Andrea Obeid),Adam Fine
51,0.395,0.621,0.463,4.71e-06,1,0.128,-10.259,0,0.243,70.722,0.491,The Wonder Years (feat. Chance the Rapper & Nico Segal),The O'My's
52,0.00515,0.602,0.856,2.97e-06,7,0.098,-5.558,1,0.0458,80.021,0.895,Heat of the Summer,Young the Giant
53,0.0155,0.566,0.587,2.05e-05,6,0.111,-5.96,1,0.0308,82.046,0.246,Across The Room (feat. Leon Bridges),ODESZA
54,0.381,0.438,0.677,0.0686,10,0.119,-7.535,1,0.135,167.989,0.214,Beige,Yoke Lore
55,0.153,0.752,0.645,0.0154,7,0.229,-8.594,1,0.0307,119.973,0.425,Oceans,Vallis Alps
56,0.482,0.231,0.465,0.000877,6,0.0593,-9.705,1,0.0373,80.027,0.266,Stay,Chet Porter
57,0.226,0.768,0.54,0.000493,11,0.0987,-9.727,0,0.0363,120.016,0.485,Last 10 Seconds,One11Twenty
58,0.627,0.691,0.507,0.0,11,0.457,-10.23,1,0.0343,128.518,0.885,(What A) Wonderful World,Sam Cooke
59,0.769,0.373,0.301,0.0,9,0.0816,-11.843,1,0.0314,65.488,0.436,Nothing Can Change This Love,Sam Cooke
60,0.0217,0.748,0.842,4.24e-06,10,0.357,-3.107,1,0.0265,119.023,0.945,Dancing in the Moonlight - 2001 Remix,Toploader
61,0.656,0.682,0.466,0.0,9,0.0809,-7.751,1,0.0353,90.989,0.639,Pretty Dirty (In the Fading Light),Ripe
62,0.223,0.609,0.466,0.00934,8,0.0947,-11.735,1,0.178,114.039,0.492,So Close,Tom Misch
63,0.568,0.851,0.541,0.0,0,0.13,-6.825,1,0.0505,124.959,0.448,Girls Like You (feat. Cardi B),Maroon 5
64,0.00533,0.679,0.732,0.117,3,0.088,-7.089,1,0.0526,125.981,0.268,Million Voices,Otto Knows
65,0.0273,0.698,0.715,0.00148,5,0.0857,-5.954,0,0.0508,99.985,0.337,Gold Angel - Zach Nicita Remix,Minke
66,0.0293,0.47,0.789,0.00179,4,0.0907,-6.32,1,0.101,160.379,0.433,Talk to the Moon,Ripe
67,0.73,0.857,0.397,0.000895,6,0.101,-13.063,0,0.0551,100.052,0.459,Onlysmokecigsontheweekend,Walkabout
68,0.276,0.844,0.637,0.00889,9,0.145,-2.984,0,0.0307,100.002,0.409,Lowkey,Elena Coats
69,0.288,0.94,0.6,0.0,9,0.08,-7.517,0,0.0469,129.975,0.772,Radio - Demo Taped Remix,Sylvan Esso
70,0.0895,0.56,0.467,0.0,6,0.162,-9.528,0,0.0315,96.129,0.146,Showered,Rosemary Joaquin
71,0.0298,0.734,0.887,0.0419,1,0.18,-4.634,1,0.0286,118.954,0.961,Istanbul (Not Constantinople),Bart & Baker
72,0.51,0.793,0.875,4.31e-05,10,0.0918,-3.519,1,0.223,116.025,0.605,Pack Up the Louie (Caravan Palace Remix),Caro Emerald
73,0.054,0.631,0.704,0.153,10,0.207,-8.183,0,0.0328,118.017,0.0647,Pegasus,Napkey
74,0.244,0.699,0.689,0.0011,0,0.873,-6.343,1,0.226,175.952,0.679,Extra Mile,Deluxe
75,0.395,0.882,0.81,0.0211,2,0.336,-7.266,0,0.219,127.974,0.824,Bella Ciao,Klischée
76,0.0049,0.703,0.72,1e-05,0,0.0823,-6.713,1,0.0314,110.008,0.904,101,Hoonch
77,0.823,0.752,0.45,0.0,0,0.245,-5.79,1,0.0425,105.969,0.556,Blue Blue Blue,Mike Slap
78,0.0253,0.727,0.64,0.39,3,0.0876,-8.099,0,0.036,117.966,0.584,Le chat,Napkey
79,0.581,0.554,0.337,0.0,1,0.0871,-10.189,1,0.0351,89.961,0.216,First Class,Rainbow Kitten Surprise
80,0.978,0.383,0.102,2.56e-05,2,0.135,-14.066,1,0.0501,77.447,0.038,Sleeping With Roses,Chelsea Cutler
81,0.194,0.71,0.66,0.005,4,0.107,-8.512,1,0.0294,102.058,0.33,Sand & Lead,NEIKED
82,0.543,0.718,0.628,0.0,10,0.116,-6.007,0,0.223,92.107,0.722,SWEET,BROCKHAMPTON
83,0.342,0.709,0.691,3.04e-06,9,0.0717,-5.388,1,0.0271,106.05,0.371,You & Me,Jill Baylon
84,0.0991,0.654,0.606,5.57e-05,2,0.31,-8.576,1,0.0717,90.058,0.358,The Reason,Chelsea Cutler
85,0.0457,0.678,0.633,0.00069,0,0.126,-7.121,1,0.0326,100.004,0.399,Wake Up (111th Dream),Magic Bronson
86,0.176,0.488,0.538,0.000183,5,0.093,-8.084,1,0.15,178.408,0.617,Sour Candy,Melt
87,0.455,0.772,0.649,0.0,10,0.0736,-4.514,1,0.0357,102.013,0.667,Stonewallin',Jane Decker
88,0.842,0.554,0.19,0.0,2,0.133,-18.27,1,0.0399,86.98,0.385,Sea Anemone,Sam Brockington
89,0.125,0.444,0.416,0.00321,7,0.122,-11.348,1,0.046,99.959,0.359,To the Ocean,Clubhouse
90,0.212,0.62,0.611,3.91e-05,4,0.182,-10.03,1,0.0444,93.966,0.567,The Propagandist,-ness
91,0.00084,0.479,0.808,0.0288,1,0.152,-5.604,1,0.0673,75.121,0.588,Home,Islandis
92,0.00963,0.487,0.448,0.000195,11,0.0774,-10.732,1,0.036,177.834,0.658,Streetlights,Boxing at the Zoo
93,0.000672,0.681,0.891,1.07e-06,6,0.0631,-4.28,1,0.0408,100.008,0.556,Adderall,Max Frost
94,0.00646,0.513,0.847,0.0,7,0.0833,-6.662,1,0.0472,100.977,0.338,Runaway Kids,HARBOUR
95,0.918,0.691,0.49,0.376,11,0.0751,-12.883,0,0.275,107.965,0.0385,Daylight,Beauvois
96,0.249,0.685,0.82,0.0,7,0.351,-4.968,1,0.0342,100.051,0.764,Not Alone,Matt and Kim
97,0.12,0.775,0.603,0.0,6,0.125,-6.055,1,0.0426,111.972,0.251,Feel so Good (feat. Lance Thompson & D4),Se-Noj
98,0.0128,0.601,0.804,0.0,6,0.073,-5.796,0,0.0437,95.984,0.906,West Coast,Yam Haus
99,0.149,0.543,0.549,0.082,0,0.114,-6.497,1,0.0306,80.079,0.404,Now & Then,Sjowgren
100,0.0372,0.396,0.677,0.000137,3,0.112,-7.513,1,0.0354,135.177,0.249,Sedona,Houndmouth
101,0.206,0.693,0.664,0.0,7,0.124,-5.352,1,0.0793,96.13,0.542,Rewind,Louis Futon
102,0.00059,0.594,0.858,3.11e-06,9,0.0642,-4.339,1,0.0387,138.021,0.663,Avalanche,WALK THE MOON
103,0.543,0.387,0.373,0.00911,4,0.12,-8.271,1,0.0296,76.949,0.319,Be a Body,DETAILS
104,0.689,0.833,0.477,0.000927,3,0.095,-9.489,0,0.04,109.989,0.155,I Don't Think So,Ben Phipps
105,0.0046,0.746,0.839,9.31e-05,9,0.0897,-4.156,0,0.0298,121.923,0.757,Make Your Mind Up,Moon Taxi
106,0.452,0.585,0.717,3.98e-05,4,0.182,-5.84,1,0.0877,96.75,0.656,Sober,The Lost Boys
107,0.321,0.661,0.338,0.32,7,0.111,-10.668,1,0.0287,107.528,0.301,Folded Out,Stolen Jars
108,0.0668,0.607,0.924,0.0,7,0.117,-5.684,1,0.0703,134.975,0.778,Let's Fall in Love Some More,Al Bairre
109,0.0397,0.764,0.672,5.54e-06,1,0.0777,-5.612,0,0.226,128.029,0.727,Sowieso,Mark Forster
110,0.101,0.66,0.852,0.0,9,0.0362,-4.279,0,0.0419,120.052,0.964,Dream,Cro
111,0.0798,0.524,0.853,0.000577,7,0.117,-6.341,0,0.05,143.895,0.106,Frostburg,Hello Apollo
112,0.488,0.757,0.387,1.47e-05,5,0.0966,-10.094,1,0.0649,120.101,0.331,Normal,Sasha Sloan
113,0.711,0.535,0.835,0.0158,2,0.198,-6.899,1,0.0396,135.194,0.0996,Find You,Super City 
114,0.00737,0.504,0.792,1.67e-06,1,0.167,-6.005,1,0.0271,93.974,0.424,Give My Heart Away,Motherfolk
115,0.472,0.349,0.58,0.0012,9,0.0877,-6.65,0,0.0477,81.17,0.222,Hold,Saint Claire
116,0.0429,0.61,0.69,6.76e-05,2,0.166,-2.656,0,0.091,179.944,0.318,Can't Hide,Whethan
117,0.907,0.54,0.322,0.859,0,0.117,-15.317,1,0.0431,164.799,0.786,Perpetuum Mobile,Penguin Cafe Orchestra
118,0.0596,0.333,0.922,2.05e-06,0,0.126,-4.087,1,0.0592,162.978,0.335,Don't Look Back In Anger - Remastered,Oasis
119,0.334,0.803,0.525,0.0,0,0.127,-7.091,1,0.0394,104.023,0.907,Everybody Just Wants to Dance,Kris Allen
120,4.43e-05,0.381,0.884,3.32e-06,2,0.115,-5.502,1,0.093,161.037,0.428,Coming Back,Scenic Route to Alaska
121,0.0259,0.559,0.624,0.0199,5,0.313,-6.231,0,0.0683,169.992,0.211,Fall Together - Just A Gent Remix,The Temper Trap
122,0.303,0.715,0.625,0.0,3,0.0776,-6.288,1,0.0264,108.077,0.497,Sunbleached Girl,Shag Rock
123,0.0776,0.66,0.614,0.000112,7,0.31,-7.647,1,0.0327,76.0,0.871,Mango,Bay Ledges
124,0.174,0.532,0.548,0.0033,1,0.108,-6.521,1,0.0291,130.114,0.443,South,Hippo Campus
125,0.0941,0.687,0.617,1.32e-05,4,0.0898,-5.213,1,0.0287,121.08,0.665,Brazil,Declan McKenna
126,0.641,0.644,0.473,0.771,4,0.129,-6.986,1,0.029,107.995,0.288,Friends,Brijs
127,0.00793,0.415,0.572,0.00424,2,0.285,-7.069,1,0.0328,145.219,0.294,Hold Me Down,Yoke Lore
128,0.11,0.681,0.779,6.55e-05,9,0.121,-7.295,1,0.0523,124.985,0.668,Excited Eyes,The Notionaries
129,0.138,0.467,0.963,0.101,2,0.0938,-1.563,1,0.192,160.135,0.394,Burn Wild (Young Bombs Remix),ROZES
130,0.233,0.706,0.402,3.35e-05,11,0.304,-9.311,1,0.0547,110.862,0.229,Man in the Moon - TRAILS Remix,LCAW
131,0.0449,0.553,0.811,0.0,4,0.101,-5.832,1,0.111,104.988,0.629,Waiting on the Summer,VHS Collection
132,0.156,0.737,0.684,0.00592,7,0.237,-8.809,1,0.0612,123.026,0.289,When You Tell Me (feat. Veronica),Nixis
133,0.13,0.944,0.544,0.000638,8,0.164,-6.144,1,0.0521,119.995,0.962,Hollywood,RAC
134,0.00707,0.308,0.826,4.84e-05,9,0.254,-4.951,1,0.134,171.29,0.792,Wimbledon,The Paper Tigers
135,0.579,0.825,0.592,0.00021,9,0.123,-5.966,0,0.0369,125.02,0.764,Fomo,High Rule
136,0.229,0.688,0.607,3.96e-05,10,0.129,-6.446,0,0.033,102.012,0.237,The Girl from the Liquor Store,Toussaint Morrison
137,0.183,0.715,0.611,8.51e-06,0,0.0786,-8.302,1,0.0324,103.987,0.817,Moscow,Autoheart
138,0.91,0.6,0.508,0.11,0,0.111,-10.279,1,0.0413,100.023,0.105,Free,Kidswaste
139,0.904,0.575,0.325,0.926,1,0.101,-12.894,0,0.0378,155.063,0.134,Discovery,AK
140,0.916,0.696,0.304,2.42e-06,8,0.0997,-12.871,1,0.117,130.105,0.073,Limbs of Faith,Beauvois
141,0.442,0.761,0.492,0.0,3,0.335,-9.426,1,0.0427,108.067,0.634,Another State,Tigers in the Sky
142,8.95e-05,0.556,0.916,0.00341,0,0.347,-5.143,1,0.0398,116.065,0.473,Street Fight,Smallpools
143,0.0106,0.598,0.914,1.22e-06,4,0.369,-3.752,1,0.0878,103.972,0.531,Talk Too Much,COIN
144,0.326,0.532,0.613,0.0,0,0.292,-7.64,1,0.0576,106.081,0.493,I Love You Always Forever,Betty Who
145,0.181,0.451,0.657,0.0872,6,0.115,-5.201,0,0.0451,133.287,0.36,The Bad In Each Other,Feist
146,0.892,0.373,0.449,1.26e-05,10,0.175,-11.646,1,0.144,137.866,0.327,New York,St. Vincent
147,0.0302,0.751,0.455,0.00448,5,0.0926,-7.946,1,0.0441,144.94,0.194,Little Brother,Ella Vos
148,0.861,0.549,0.442,0.000315,2,0.0893,-14.569,1,0.116,126.028,0.0437,Anything for You,Chelsea Cutler
149,0.477,0.79,0.599,4.26e-06,10,0.344,-7.574,0,0.0301,105.997,0.464,waves - Remix,Miguel
150,0.0229,0.611,0.83,5.19e-06,2,0.141,-4.522,1,0.0324,130.014,0.314,Feel My Love,Phebe Starr
151,0.00254,0.506,0.868,0.0,5,0.371,-4.03,1,0.149,124.073,0.713,What You Do to My Soul (Ronson Remix),Air Traffic Controller
152,0.188,0.684,0.848,0.333,0,0.0742,-4.406,1,0.0402,125.011,0.453,Come On,Boubou
153,0.00126,0.415,0.95,3.86e-05,4,0.133,-4.676,1,0.0621,160.017,0.552,T-Shirt Weather,Circa Waves
154,0.821,0.56,0.393,0.0,1,0.0933,-9.924,0,0.0305,93.038,0.58,Ocean - Stripped Acoustic,Andreas Moe
155,0.0241,0.625,0.878,1.54e-06,0,0.114,-5.161,1,0.0552,92.918,0.706,Lost,Scavenger Hunt
156,0.285,0.59,0.7,0.00232,0,0.117,-7.798,1,0.0382,99.083,0.564,Montauk,Matt Sucich
157,0.176,0.772,0.552,6.13e-05,7,0.213,-7.038,1,0.0371,119.96,0.451,Ski Mantra,Young Lyre
158,0.587,0.813,0.338,6.56e-05,0,0.0948,-11.1,1,0.0544,112.975,0.301,Anna Muse,Felix Rabito
159,0.177,0.585,0.814,2.04e-05,7,0.135,-6.262,1,0.108,105.012,0.654,Golden Age,The Electric Sons
160,0.00634,0.498,0.816,0.0,7,0.558,-4.681,1,0.0375,125.895,0.36,Coming Home,Seven Lions
161,0.109,0.557,0.704,0.000174,11,0.289,-5.69,1,0.0897,128.58,0.788,Sea Salt,Chase Coy
162,0.0467,0.838,0.617,0.0937,4,0.388,-8.173,1,0.0369,116.924,0.615,Palmtree (Tryst Remix),Mandelbarth
163,0.0137,0.594,0.687,0.0193,0,0.184,-5.334,1,0.0875,159.729,0.648,Older,Brother Moses
164,0.196,0.822,0.6,0.0,11,0.0835,-6.235,0,0.331,142.923,0.281,Hope,Tim Legend
165,0.5,0.688,0.519,0.000946,2,0.128,-8.124,1,0.0308,122.97,0.414,Next Escape - Original Mix,Viceroy
166,0.0673,0.611,0.675,0.000143,7,0.527,-4.071,1,0.0338,98.01,0.488,Vagabond (Milkman Remix),Milkman
167,3.09e-05,0.466,0.807,0.000297,11,0.127,-5.356,0,0.042,157.956,0.742,Denim,Brave Town
168,0.941,0.612,0.297,1.45e-06,10,0.109,-7.571,1,0.0308,99.937,0.46,The Gambler,fun.
169,0.84,0.518,0.421,0.363,7,0.11,-9.292,1,0.0384,149.917,0.132,Saturday Night,NÄM
170,0.111,0.527,0.629,0.00013,2,0.0743,-7.996,1,0.0405,139.989,0.232,In a Mess,Zach Berkman
171,0.216,0.763,0.498,1.83e-06,2,0.585,-5.659,1,0.0556,104.95,0.625,Drugs,Adam Jensen
172,0.00168,0.644,0.802,0.0,5,0.0947,-6.112,0,0.0342,115.004,0.585,La La Love,Animal Island
173,0.121,0.816,0.453,3.45e-06,4,0.204,-12.178,0,0.0652,109.994,0.358,High Key (feat. zyyn & LAYTON),Bardo
174,0.301,0.697,0.707,0.0552,5,0.0895,-9.757,0,0.0497,95.014,0.871,Pieces (Guy Furious Remix),Andrew Belle
175,0.364,0.833,0.446,0.159,7,0.126,-8.234,1,0.049,118.986,0.621,Take My Hand - On June Remix,Glimmer of Blooms
176,0.166,0.656,0.75,5.31e-06,4,0.133,-6.272,1,0.0371,106.015,0.442,The Woods - Evida Remix,Majozi
177,0.335,0.676,0.796,0.0,1,0.0861,-2.866,1,0.0761,92.061,0.929,All My Friends,The Summer Set
178,0.00624,0.755,0.794,0.0102,6,0.0655,-5.58,1,0.0305,114.01,0.709,Bluebirds,Life of Dillon
179,0.581,0.628,0.727,3.4e-05,0,0.126,-5.625,1,0.0262,102.028,0.667,Best of Luck,Fort Frances
180,0.143,0.732,0.668,0.207,2,0.176,-6.978,0,0.126,140.004,0.598,This Song Is Not About a Girl,Flume
181,0.0701,0.762,0.485,0.806,0,0.13,-9.388,1,0.031,122.043,0.436,Coastal,J Lisk
182,0.0188,0.742,0.506,1.13e-05,11,0.114,-12.165,1,0.0376,117.967,0.576,Wandering Mind,Chance Emerson
183,0.144,0.46,0.731,0.0,7,0.247,-7.038,1,0.0562,115.055,0.33,Fools,The Ransom Collective
184,0.00189,0.627,0.747,0.0108,7,0.396,-4.616,0,0.0732,80.017,0.42,LOVE 3X - RAC Mix,ZZ Ward
185,0.0227,0.63,0.427,0.0,9,0.0589,-9.09,1,0.0434,167.949,0.397,Wake Me Up,Jason Polley
186,0.844,0.702,0.322,0.0,0,0.122,-8.542,1,0.0296,74.027,0.133,Summer Lover,Harbor & Home
187,0.0218,0.594,0.84,0.0598,2,0.0818,-5.707,1,0.03,132.963,0.542,California Song,Patrick James
188,0.0157,0.672,0.512,0.000104,11,0.0937,-8.261,1,0.033,128.046,0.495,Tire Swing,Los Elk
189,0.0157,0.571,0.719,2.62e-05,2,0.0639,-6.118,1,0.101,97.494,0.667,New Skin,Beach Weather
190,0.000643,0.579,0.815,1.42e-05,11,0.147,-7.715,0,0.0406,140.008,0.722,Smells Like Summer,Early Hours
191,0.000674,0.251,0.954,0.000132,6,0.0975,-2.879,1,0.0691,191.059,0.264,The Boys of Summer,The Ataris
192,0.0437,0.71,0.827,1.28e-05,0,0.0896,-5.244,1,0.032,110.003,0.833,101,WALLA
193,0.688,0.418,0.643,5.43e-05,2,0.0779,-5.79,0,0.0388,101.337,0.12,Dinosaur Bones,Stop Light Observations
194,0.072,0.534,0.75,0.0,6,0.0663,-7.343,1,0.0825,160.065,0.524,Smoke and Mirrors,Strangers You Know
195,0.432,0.582,0.568,7.17e-05,0,0.184,-9.072,0,0.248,180.004,0.332,Waiting,Seramic
196,0.33,0.736,0.449,0.000162,1,0.0898,-11.462,0,0.425,80.126,0.326,Location,Khalid
197,0.196,0.717,0.754,0.0,9,0.468,-6.143,0,0.0704,89.973,0.736,Feeling Alive,Earl St. Clair
198,0.00741,0.38,0.769,3.86e-06,6,0.163,-5.572,0,0.0748,174.223,0.562,Atlas,COIN
199,0.0579,0.555,0.727,7.52e-06,6,0.0937,-4.202,1,0.0388,82.142,0.739,Jackie and Wilson,Hozier
200,0.128,0.742,0.61,0.0337,7,0.0571,-6.148,1,0.0299,114.007,0.455,Clockwork,Lost Triibe
201,0.493,0.548,0.503,0.000743,7,0.0733,-9.329,1,0.0306,133.76,0.482,Slow Motion,PHOX
202,0.12,0.297,0.827,0.000123,5,0.347,-4.748,1,0.0735,147.232,0.467,Expanding Anyway,Morning Teleportation
203,0.0283,0.764,0.837,6.36e-05,10,0.0983,-4.702,0,0.0361,120.012,0.863,Waves,Electric Guest
204,0.0533,0.599,0.667,0.0,7,0.134,-4.267,1,0.0367,80.984,0.817,I'm the One,DJ Khaled
205,0.0492,0.771,0.69,0.629,2,0.134,-7.595,1,0.0496,115.009,0.346,Drinkee,Sofi Tukker
206,0.0126,0.598,0.717,6.65e-06,4,0.237,-7.023,1,0.0349,127.958,0.425,Sophie So,Hippo Campus
207,0.147,0.496,0.731,1.29e-06,2,0.207,-5.283,1,0.0688,96.997,0.296,Butch,Saint Motel
208,0.417,0.711,0.757,2.91e-06,6,0.184,-5.695,0,0.0908,98.525,0.849,9 To 5,Still Time
209,0.0411,0.71,0.558,2.59e-06,9,0.0928,-7.982,1,0.0361,114.931,0.747,Crown,Nick D' & the Believers
210,0.0815,0.654,0.804,0.53,0,0.205,-7.053,1,0.0326,107.009,0.24,Inside Out - Tycho Remix,Spoon
211,0.903,0.614,0.302,4.03e-05,2,0.136,-14.469,1,0.0304,93.013,0.383,Wake Up,Chelsea Cutler
212,0.0189,0.564,0.945,0.0,1,0.359,-4.705,1,0.0493,101.003,0.399,Dancing On Glass,St. Lucia
213,0.289,0.607,0.827,2.95e-06,9,0.718,-4.282,1,0.0484,100.062,0.552,Pierre,Ryn Weaver
214,0.17,0.549,0.611,0.00251,1,0.0762,-9.0,0,0.131,201.981,0.725,Do You Wanna Do Nothing with Me?,Lawrence
215,0.261,0.702,0.598,0.0166,11,0.118,-7.205,1,0.0299,134.99,0.137,Kings of Summer,ayokay
216,0.469,0.576,0.451,0.0389,8,0.0876,-9.571,1,0.0444,90.439,0.803,May I Have This Dance,Francis and the Lights
217,0.36,0.695,0.558,0.00606,8,0.103,-6.42,1,0.0326,101.967,0.477,Die Young,Sylvan Esso
218,0.333,0.603,0.648,6.38e-05,0,0.116,-7.146,1,0.035,80.139,0.667,Good Day,Jul Big Green
219,0.133,0.832,0.618,0.0,8,0.0617,-5.164,1,0.217,137.05,0.717,Straightjacket,Quinn XCII
220,0.002,0.546,0.583,0.173,6,0.115,-7.317,0,0.0348,128.017,0.235,Live In The Moment,Portugal. The Man
221,0.0134,0.718,0.596,0.000171,8,0.287,-8.185,1,0.086,109.033,0.738,Motions,Stoop Kids
222,0.0023,0.485,0.558,7.8e-06,6,0.107,-6.232,1,0.0285,94.031,0.318,Far Hills Cider,VHS Collection
223,0.192,0.781,0.397,4.07e-05,4,0.141,-6.31,1,0.0537,89.994,0.85,All This Time,Caye
224,0.349,0.689,0.338,5.7e-05,11,0.0649,-7.634,0,0.0629,128.012,0.568,The Other Side Of Paradise,Glass Animals
225,0.0406,0.78,0.798,6.31e-05,1,0.0733,-5.151,0,0.0613,78.969,0.771,Feel It Still,Portugal. The Man
226,0.162,0.69,0.753,0.0,6,0.0718,-3.83,1,0.0555,148.024,0.931,Take It or Leave It,Great Good Fine Ok
227,0.148,0.71,0.695,1.35e-06,0,0.132,-7.008,1,0.0405,120.007,0.455,Stay a Little Longer,Lostboycrow
228,0.251,0.736,0.707,0.0,8,0.411,-4.491,1,0.103,90.078,0.58,Couch Potato,Jakubi
229,0.00156,0.735,0.864,0.887,6,0.0596,-2.566,1,0.0342,124.011,0.795,Flight Mode,Mr Sanka
230,0.15,0.751,0.905,6.49e-06,11,0.198,-5.552,1,0.0323,137.015,0.918,Circles,BABE
231,0.00607,0.621,0.85,0.0,4,0.364,-5.903,0,0.0456,150.035,0.701,Endless Summer,Absofacto
232,0.235,0.688,0.578,0.000231,6,0.0666,-10.667,0,0.043,85.483,0.902,Dissolve,Absofacto
233,1.32e-05,0.288,0.933,0.333,9,0.356,-4.12,1,0.0898,167.109,0.345,Mixtape 2003,The Academic
234,0.0414,0.53,0.782,0.0,1,0.138,-5.697,1,0.0428,130.032,0.419,Deep,Northern Whale
235,0.0039,0.6,0.949,0.165,5,0.121,-3.341,1,0.0525,130.011,0.67,Sunroof,courtship.
236,0.0814,0.589,0.724,0.0,9,0.127,-6.656,1,0.107,147.838,0.874,Sour Patch Kids - Acoustic Redux,Bryce Vine
237,0.023,0.56,0.909,0.0158,6,0.0848,-7.232,0,0.0515,121.073,0.818,Starting Five,Joel Jerome
238,0.232,0.76,0.701,0.00295,3,0.07,-6.393,1,0.042,140.023,0.81,Guru,Coast Modern
239,0.175,0.539,0.831,0.00371,4,0.236,-5.025,1,0.0459,169.93,0.476,Elodie,Ten Fé
240,0.00282,0.566,0.804,0.00105,2,0.071,-4.783,1,0.0764,127.568,0.462,Next Year,Two Door Cinema Club
241,0.00249,0.646,0.77,0.0,2,0.0715,-6.596,0,0.226,99.165,0.681,Crazy In Love,Beyoncé
242,0.0128,0.747,0.705,0.0,9,0.126,-5.137,0,0.126,136.024,0.56,7/11,Beyoncé
243,0.156,0.709,0.69,0.000719,5,0.114,-9.05,0,0.0383,104.969,0.296,Time (feat. Kyle Reynolds),Floduxe
244,0.000395,0.674,0.647,0.00203,5,0.0696,-6.105,1,0.0474,124.048,0.287,Somewhere New - Radio Edit,Klingande
245,0.011,0.72,0.836,0.0243,7,0.137,-2.92,1,0.0354,103.985,0.552,Wild Mustang (feat. Becky G),Yellow Claw
246,0.501,0.773,0.36,0.00409,0,0.0823,-9.722,1,0.0955,79.207,0.681,Wait for the Moment,Vulfpeck
247,0.00293,0.276,0.796,0.0,0,0.184,-4.499,1,0.0579,199.526,0.26,Shelter,Porter Robinson
248,0.317,0.681,0.724,0.0,1,0.306,-7.641,1,0.0445,123.011,0.573,Still Falling For You - Jonas Blue Remix,Ellie Goulding
249,0.0736,0.608,0.798,0.0,6,0.156,-5.092,0,0.0432,92.943,0.501,Cold Water (feat. Justin Bieber & MØ),Major Lazer
250,0.52,0.923,0.518,0.000142,5,0.104,-6.008,1,0.0492,93.023,0.682,Fidelity,Regina Spektor
251,0.693,0.4,0.564,0.0,10,0.0863,-7.444,1,0.0523,99.269,0.483,Say You Won't Let Go,James Arthur
252,0.112,0.483,0.787,0.0,8,0.257,-5.244,1,0.102,122.058,0.58,Shed a Light,Robin Schulz
253,0.891,0.381,0.462,0.0,8,0.199,-8.014,1,0.124,80.08,0.542,Blessings,Chance the Rapper
254,0.178,0.751,0.78,0.0,7,0.0801,-4.886,1,0.0603,125.013,0.548,Words,Daya
255,0.103,0.803,0.585,3.94e-06,8,0.0644,-5.861,1,0.0432,105.017,0.593,Work from Home,Fifth Harmony
256,0.406,0.72,0.763,0.0,9,0.18,-4.068,0,0.0523,101.965,0.742,Rockabye (feat. Sean Paul & Anne-Marie),Clean Bandit
257,0.723,0.714,0.343,5.48e-06,10,0.102,-7.641,1,0.38,72.348,0.372,Blessings,Chance the Rapper
258,0.0358,0.704,0.777,0.0,2,0.151,-5.729,1,0.195,111.921,0.392,All Night (feat. Knox Fortune),Chance the Rapper
259,0.028,0.501,0.648,1.26e-05,9,0.153,-7.173,1,0.0696,163.834,0.191,Whole Heart,Gryffin
260,0.0773,0.696,0.743,0.0,6,0.0587,-3.851,1,0.0329,123.007,0.636,By Your Side,Jonas Blue
261,0.378,0.729,0.615,0.0,4,0.105,-4.238,1,0.0647,99.989,0.508,Starving,Hailee Steinfeld
262,0.02,0.741,0.626,0.0,1,0.0828,-4.826,0,0.0886,108.029,0.706,Wild Things,Alessia Cara
263,0.486,0.621,0.551,0.0,7,0.115,-7.89,1,0.0474,105.052,0.222,Carry Me (feat. Julia Michaels),Kygo
264,0.0119,0.582,0.914,0.000408,11,0.201,-4.097,1,0.0573,118.076,0.268,Heading Home,Gryffin
265,0.014,0.695,0.672,8.44e-05,1,0.0756,-6.109,0,0.0345,104.988,0.245,Final Song,MØ
266,0.0115,0.438,0.805,0.000667,5,0.133,-4.284,0,0.0728,150.174,0.31,Bird Set Free,Sia
267,0.254,0.508,0.762,0.000122,6,0.108,-4.217,0,0.0489,99.963,0.444,Alive,Sia
268,0.102,0.365,0.717,0.0,9,0.467,-4.113,0,0.0521,171.827,0.204,One Million Bullets,Sia
269,0.00117,0.617,0.842,0.261,10,0.131,-4.062,0,0.034,127.955,0.36,Move Your Body,Sia
270,0.112,0.468,0.779,0.000373,9,0.101,-4.839,1,0.0779,173.799,0.26,Unstoppable,Sia
271,0.0355,0.567,0.773,0.00011,6,0.0901,-3.344,1,0.0451,82.947,0.731,Reaper,Sia
272,0.000425,0.523,0.782,0.106,1,0.135,-6.01,0,0.054,179.967,0.247,House On Fire,Sia
273,0.027,0.557,0.759,0.000626,1,0.318,-4.986,0,0.0346,92.986,0.187,Footprints,Sia
274,0.0236,0.779,0.934,0.0177,3,0.271,-2.027,1,0.189,103.982,0.896,Sweet Design,Sia
275,0.0128,0.406,0.917,0.0571,0,0.12,-2.812,0,0.0662,154.033,0.397,Broken Glass,Sia
276,0.676,0.238,0.501,0.00111,8,0.096,-7.147,1,0.0359,101.479,0.109,Space Between,Sia
277,0.0424,0.606,0.533,0.0,9,0.172,-6.426,1,0.0522,120.049,0.221,Maybe IDK,Jon Bellion
278,0.0205,0.623,0.882,0.0,0,0.194,-2.574,1,0.0322,127.98,0.525,Club Can't Handle Me (feat. David Guetta) - Feat. David Guetta,Flo Rida
279,0.0319,0.731,0.861,0.0,11,0.0829,-5.881,1,0.0323,104.034,0.78,All Star,Smash Mouth
280,0.00108,0.33,0.936,0.0,1,0.0926,-3.66,1,0.0917,148.112,0.234,Mr. Brightside,The Killers
281,0.137,0.739,0.681,0.0,5,0.0807,-5.933,1,0.0817,101.976,0.645,Morning In America,Jon Bellion
282,0.24,0.79,0.457,0.0,2,0.222,-6.231,1,0.0414,125.249,0.355,Don't Matter,Akon
283,0.594,0.664,0.491,0.0,9,0.11,-6.544,1,0.042,127.97,0.24,Bubbly,Colbie Caillat
284,0.637,0.646,0.431,6.99e-06,6,0.113,-8.517,1,0.0262,90.034,0.292,Bright,Echosmith
285,0.107,0.656,0.772,0.0,8,0.305,-6.016,1,0.0325,105.095,0.703,Don't Wanna Wake Up,The Score
286,0.459,0.617,0.778,0.925,9,0.128,-8.871,0,0.027,100.363,0.152,Intro,The xx
287,0.848,0.547,0.43,0.613,2,0.0825,-7.393,1,0.0667,114.729,0.175,Sound & Color,Alabama Shakes
288,0.0625,0.48,0.717,0.000685,0,0.0814,-6.663,1,0.23,109.756,0.335,Two Weeks,FKA twigs
289,0.906,0.333,0.114,0.96,9,0.119,-21.255,1,0.0453,141.839,0.0566,Where Is My Mind,Maxence Cyrin
290,0.0279,0.774,0.847,0.0183,5,0.241,-3.925,0,0.121,143.011,0.923,Toxic,Britney Spears
291,0.00189,0.611,0.838,0.0525,1,0.0892,-3.489,1,0.0371,107.988,0.431,Destination Sunrise,Bit Funk
292,0.0171,0.684,0.602,0.0,10,0.113,-7.685,1,0.119,99.946,0.209,The Wave (feat. Madcon),Matoma
293,0.0508,0.574,0.826,6.18e-06,6,0.0995,-4.811,0,0.0957,119.684,0.2,Our Youth,Sonny Alven
294,0.00361,0.646,0.925,0.0,2,0.382,-3.154,1,0.051,127.948,0.25,Love is the Answer,Bobina
295,0.0144,0.599,0.733,0.0,2,0.347,-6.072,1,0.0415,100.0,0.214,Kids,OneRepublic
296,0.0295,0.731,0.727,4.56e-06,7,0.171,-5.608,0,0.0356,120.968,0.601,Summer on You,Sam Feldt
297,0.0232,0.573,0.875,0.0,2,0.356,-4.057,0,0.0523,149.974,0.235,Candyman,Zedd
298,0.0981,0.661,0.909,0.0,11,0.305,-2.323,0,0.0494,125.021,0.643,Ain't Giving Up,Craig David
299,0.00796,0.508,0.717,6.15e-05,8,0.0971,-5.095,1,0.0457,158.05,0.462,Many the Miles,Sara Bareilles
300,0.006,0.627,0.932,1.03e-05,2,0.0374,-3.077,1,0.0382,101.947,0.586,Classic (feat. Fetty Wap & POWERS ),The Knocks
301,0.00211,0.73,0.675,0.000184,11,0.139,-6.663,0,0.0534,105.011,0.598,Love You Right (feat. Nico & Vinz),Matoma
302,0.257,0.671,0.373,7.95e-05,9,0.0481,-18.064,1,0.0323,92.717,0.732,Africa,Toto
303,0.0447,0.693,0.905,0.000224,0,0.354,-5.608,1,0.0383,104.989,0.399,Marathon,Lost Kings
304,0.077,0.676,0.723,0.00547,1,0.0865,-7.213,1,0.0292,117.977,0.624,Spaceship,Comet Blue
305,0.0196,0.741,0.74,0.0003,0,0.142,-6.503,0,0.0654,97.982,0.342,Find Love (feat. Dboy),Matoma
306,0.0215,0.71,0.728,2.75e-06,0,0.506,-6.74,1,0.0243,105.006,0.254,Stick Around,Akon
307,0.0135,0.722,0.779,0.000186,7,0.0767,-4.67,1,0.0447,125.03,0.822,Stronger,Clean Bandit
308,0.384,0.706,0.48,0.00814,8,0.161,-8.399,1,0.0562,120.021,0.0751,Wait and See (Deep Chills Remix),Deep Chills
309,0.00681,0.643,0.732,4.57e-05,5,0.0606,-6.762,0,0.0294,102.979,0.181,False Alarm,Matoma
310,0.325,0.666,0.903,0.000202,0,0.178,-2.181,0,0.0436,119.984,0.498,Don't Need No Money (feat. Sigala & Blonde),Imani Williams
311,0.00758,0.786,0.687,0.0,0,0.619,-5.914,1,0.141,105.021,0.345,Once In a While,Timeflies
312,0.16,0.561,0.555,0.0,11,0.114,-9.734,0,0.0287,134.369,0.497,What's Up?,4 Non Blondes
313,0.289,0.735,0.612,4.12e-05,5,0.103,-6.774,1,0.0517,105.056,0.395,If I Were Sorry,Frans
314,0.394,0.731,0.822,0.0,1,0.288,-5.305,1,0.0459,118.021,0.708,Perfect Strangers,Jonas Blue
315,0.716,0.656,0.594,0.0802,5,0.376,-6.043,1,0.0307,127.992,0.57,One Day (Vandaag) - Radio Edit,Bakermat
316,0.0215,0.719,0.674,0.0188,0,0.151,-7.636,0,0.0462,121.985,0.765,Please Tell Rosie,Alle Farben
317,0.0212,0.7,0.864,0.0,7,0.0956,-3.629,1,0.0283,102.997,0.887,All Summer Long,Kid Rock
318,0.00966,0.633,0.797,1.35e-06,9,0.51,-5.812,1,0.0347,96.039,0.59,Brighter Than The Sun,Colbie Caillat
319,0.000198,0.529,0.922,0.0,3,0.26,-3.84,1,0.0459,109.847,0.628,Move Along,The All-American Rejects
320,0.0823,0.741,0.748,0.0,0,0.34,-6.299,1,0.0264,127.965,0.6,I Gotta Feeling,The Black Eyed Peas
321,0.0525,0.599,0.869,0.00719,0,0.103,-3.697,1,0.0789,108.061,0.593,Bang My Head (feat. Sia & Fetty Wap),David Guetta
322,0.00452,0.566,0.906,0.0,0,0.21,-5.092,1,0.0642,83.0,0.787,How Far We've Come,Matchbox Twenty
323,0.00173,0.472,0.844,0.0,10,0.24,-6.578,1,0.054,140.034,0.34,Anna Sun,WALK THE MOON
324,0.444,0.74,0.831,0.00304,5,0.0769,-7.321,1,0.0456,121.034,0.448,Seve - Radio Edit,Tez Cadey
325,0.162,0.68,0.698,0.000103,6,0.0711,-4.172,1,0.0286,100.017,0.225,Chasing Dreams,Pegato
326,0.436,0.733,0.777,0.0716,11,0.102,-7.076,0,0.0347,119.996,0.583,Shots - Broiler Remix,Imagine Dragons
327,0.0352,0.55,0.925,0.000179,0,0.29,-4.573,1,0.0882,121.823,0.358,Heaven,Alex Adair
328,0.3,0.614,0.747,0.000485,11,0.0974,-6.444,0,0.0718,125.947,0.142,Wild Eyes,Broiler
329,0.00456,0.551,0.714,0.000128,7,0.139,-6.185,0,0.0384,128.021,0.231,Netzwerk (Falls Like Rain),Klangkarussell
330,0.00858,0.629,0.923,0.000347,1,0.372,-3.13,0,0.0824,126.03,0.276,Been A While - Madison Mars Remix Edit,Sam Feldt
331,0.729,0.783,0.467,0.809,6,0.109,-9.474,1,0.0503,90.838,0.236,Sunset Lover,Petit Biscuit
332,0.061,0.667,0.799,1.27e-05,0,0.106,-5.366,0,0.0728,139.988,0.475,LA LA LAND,DVBBS
333,0.00995,0.601,0.802,0.00392,1,0.131,-3.882,1,0.0511,122.979,0.6,SHY,The Magician
334,0.0978,0.719,0.853,8.58e-05,10,0.113,-3.938,0,0.0356,121.996,0.443,Together,The Magician
335,0.131,0.696,0.851,7.78e-05,7,0.155,-4.396,1,0.0333,118.007,0.455,Feels Like Home,Sam Feldt
336,0.00855,0.51,0.585,0.00352,6,0.149,-8.947,0,0.0493,137.198,0.493,Say My Name (feat. Zyra) - GANZ Remix,ODESZA
337,0.000343,0.487,0.738,0.357,6,0.0858,-6.745,1,0.0326,123.908,0.163,Klanga,Gostan
338,0.0114,0.633,0.818,0.0,1,0.259,-5.437,1,0.0376,121.975,0.337,Sunlight (feat. Years and Years) - Radio Edit,The Magician
339,0.0528,0.646,0.961,1.47e-06,10,0.368,-2.637,0,0.268,125.958,0.529,Ready Or Not,Madison Mars
340,0.109,0.79,0.603,0.000619,4,0.0947,-7.222,1,0.0371,114.044,0.314,Watch The Sun,Comet Blue
341,0.331,0.795,0.638,0.0,1,0.106,-5.481,1,0.0629,118.14,0.24,Stung,Quinn XCII
342,0.206,0.739,0.794,0.0011,2,0.261,-6.479,0,0.045,121.99,0.332,ILYSB - Ferdinand Weber Edit,LANY
343,0.226,0.722,0.762,7.1e-06,5,0.117,-4.76,0,0.053,120.038,0.591,FFYL,Quinn XCII
344,0.0457,0.661,0.538,0.0106,9,0.241,-9.414,0,0.0411,100.041,0.0928,Permission To Love,Hayden James
345,0.0585,0.722,0.834,0.0,2,0.259,-4.412,0,0.118,119.877,0.398,Shadows of Love (feat. Heidi Rojas),Sam Feldt
346,0.195,0.6,0.726,8.22e-05,10,0.115,-5.988,0,0.166,100.075,0.395,Aloha,Møme
347,0.157,0.586,0.557,0.00044,11,0.0782,-10.481,0,0.0957,177.893,0.186,We Go Back,CHINAH
348,0.000107,0.496,0.788,0.0511,0,0.132,-5.284,1,0.0322,124.992,0.17,Drive (Los Angeles),Lolawolf
349,0.0239,0.436,0.756,0.00111,10,0.0708,-7.353,0,0.107,190.419,0.468,Night Verses,Cannons
350,0.187,0.614,0.909,0.0,9,0.0922,-4.16,1,0.113,96.972,0.452,Sweet Talk (Evan Gartner Remix) [feat. Quinn XCII],ACADEMY
351,0.0615,0.787,0.527,0.0,1,0.0656,-6.981,1,0.0512,133.107,0.807,Ignition (Remix),R. Kelly
352,0.0152,0.587,0.698,0.0,1,0.442,-8.948,1,0.0943,133.954,0.0985,"Bitch, Don’t Kill My Vibe",Kendrick Lamar
353,0.0379,0.543,0.62,1.19e-06,8,0.0559,-10.629,1,0.0648,167.141,0.607,Let's Get It On,Marvin Gaye
354,0.123,0.49,0.725,2.68e-05,10,0.0983,-3.304,1,0.0392,123.28,0.335,Back To Black,Amy Winehouse
355,0.00253,0.698,0.843,0.000454,1,0.124,-4.789,1,0.0544,105.83,0.894,Valerie - Version Revisited,Mark Ronson
356,0.892,0.559,0.33,0.0,9,0.0975,-8.251,1,0.0285,135.109,0.285,Someone Like You,Adele
357,0.325,0.615,0.472,0.0,5,0.115,-6.073,0,0.0267,80.072,0.327,Chasing Pavements,Adele
358,0.35,0.566,0.792,1.31e-05,2,0.104,-3.226,0,0.0365,126.06,0.462,True Colors,Zedd
359,0.0553,0.683,0.91,4.78e-06,10,0.336,-1.231,1,0.0515,124.977,0.674,Sweet Lovin' - Radio Edit,Sigala
360,0.0351,0.748,0.879,0.000851,9,0.233,-3.775,0,0.061,107.987,0.749,Light It Up (Remix) [feat. Nyla & Fuse ODG],Major Lazer
361,0.00289,0.573,0.95,0.00119,9,0.299,-5.167,1,0.0666,128.013,0.153,Break Through The Silence - Radio Edit,Martin Garrix
362,0.0172,0.581,0.877,0.0,3,0.248,-3.595,0,0.0486,127.952,0.35,Call Me A Spaceman - Radio Edit,Hardwell
363,0.0279,0.537,0.777,6.12e-05,7,0.0838,-4.829,0,0.0473,124.943,0.427,Hey Brother,Avicii
364,0.0199,0.669,0.825,2.13e-05,2,0.121,-4.162,0,0.0607,124.005,0.566,We Don't Stop,Kaskade
365,0.00864,0.861,0.475,0.119,9,0.122,-7.195,0,0.0487,124.96,0.599,Faded,ZHU
366,0.0282,0.674,0.932,0.71,11,0.684,-4.424,0,0.0859,101.033,0.728,Get Low,Dillon Francis
367,0.0174,0.476,0.938,0.000111,1,0.384,-1.446,0,0.234,105.264,0.258,Bun Up the Dance,Dillon Francis
368,0.00538,0.661,0.957,0.132,6,0.0622,-3.486,1,0.0898,127.948,0.263,Freak,Steve Aoki
369,0.00197,0.488,0.841,0.127,5,0.801,-5.51,0,0.04,128.071,0.0671,Virus (How About Now),Martin Garrix
370,0.0228,0.567,0.859,0.000487,11,0.119,-3.921,1,0.035,129.936,0.38,Something New,Axwell /\ Ingrosso
371,0.0534,0.605,0.873,0.837,1,0.314,-5.938,0,0.0344,126.026,0.476,Levels - Radio Edit,Avicii
372,0.0555,0.641,0.829,5.28e-05,0,0.118,-4.014,1,0.0422,127.991,0.338,On My Way,Axwell /\ Ingrosso
373,0.00181,0.675,0.866,0.746,1,0.415,-6.454,1,0.039,128.007,0.0379,Animals - Extended,Martin Garrix
374,0.29,0.721,0.867,2.87e-06,11,0.503,-4.302,1,0.196,127.033,0.639,Super Bass,Nicki Minaj
375,0.00244,0.628,0.692,0.013,2,0.668,-5.64,1,0.202,124.791,0.0964,Monster,Kanye West
376,0.108,0.608,0.698,0.000105,11,0.0876,-4.298,0,0.309,126.446,0.758,FUCKING BEST SONG EVERRR,Wallpaper.
377,0.00591,0.465,0.714,0.624,11,0.16,-6.611,0,0.0317,140.026,0.294,One Day They'll Know (ODESZA Remix),Pretty Lights
378,0.00622,0.548,0.895,0.0184,0,0.108,-2.794,1,0.0392,127.829,0.616,In My Head,Galantis
379,0.000166,0.75,0.874,0.0903,9,0.106,-4.936,1,0.0532,109.995,0.511,All We Need (feat. Shy Girls) - Autograf Remix,ODESZA
380,0.66,0.768,0.567,0.000277,2,0.07,-7.046,0,0.0312,117.974,0.471,Ain't Nobody (Loves Me Better),Felix Jaehn
381,0.0892,0.568,0.719,1.84e-06,8,0.233,-5.406,1,0.0354,106.036,0.539,Sleepyhead,Passion Pit
382,0.00312,0.583,0.732,9.86e-06,11,0.269,-5.728,0,0.0457,145.992,0.276,Never Forget You,Zara Larsson
383,0.227,0.631,0.661,1.43e-06,5,0.166,-5.5,0,0.0999,174.031,0.698,Coming Over,Dillon Francis
384,0.041,0.432,0.781,4.21e-06,4,0.0789,-4.038,0,0.0567,139.432,0.197,Where Are Ü Now (with Justin Bieber),Jack Ü
385,0.467,0.529,0.554,0.0,0,0.125,-5.427,1,0.0556,119.725,0.286,Never Be Like You,Flume
386,0.0464,0.682,0.836,3.13e-06,9,0.0797,-3.777,1,0.0425,104.987,0.485,Ghost,Ella Henderson
387,0.0109,0.781,0.599,1.12e-06,7,0.109,-6.501,1,0.0436,120.053,0.608,Call Me Maybe,Carly Rae Jepsen
388,0.395,0.466,0.403,0.0,5,0.111,-6.142,1,0.0337,119.81,0.337,Wrecking Ball,Miley Cyrus
389,0.00124,0.454,0.708,0.000181,10,0.0679,-4.526,0,0.0675,192.18,0.483,Party In The U.S.A.,Miley Cyrus
390,0.0383,0.426,0.584,0.0,1,0.188,-5.293,1,0.296,193.437,0.272,Single Ladies (Put a Ring on It),Beyoncé
391,0.0281,0.638,0.831,3.06e-06,5,0.277,-3.944,1,0.182,175.038,0.685,Price Tag,Jessie J
392,0.0115,0.757,0.547,0.0,7,0.0445,-4.573,1,0.0355,126.977,0.793,Domino,Jessie J
393,0.0132,0.719,0.804,3.02e-06,10,0.139,-4.581,1,0.0355,119.999,0.605,Teenage Dream,Katy Perry
394,0.00446,0.791,0.754,0.0,0,0.163,-3.729,1,0.0569,125.014,0.425,California Gurls,Katy Perry
395,0.000304,0.535,0.886,2.26e-06,11,0.257,-3.106,1,0.045,126.012,0.445,So What,P!nk
396,0.00125,0.649,0.815,4.31e-05,3,0.671,-3.796,0,0.0415,126.03,0.765,Last Friday Night (T.G.I.F.),Katy Perry
397,0.0929,0.636,0.699,0.0,6,0.115,-7.687,1,0.0551,94.966,0.637,Good Life,OneRepublic
398,0.0768,0.534,0.887,9.93e-05,0,0.325,-3.777,1,0.0345,122.494,0.72,Livin' On A Prayer,Bon Jovi
399,0.25,0.491,0.802,0.0,4,0.387,-7.106,1,0.0392,119.25,0.472,Don't Stop Believin',Journey
400,0.254,0.397,0.396,0.0,3,0.268,-9.91,1,0.05,142.913,0.227,Bohemian Rhapsody - Remastered 2011,Queen
401,0.623,0.525,0.131,0.000145,11,0.254,-15.937,1,0.0281,63.071,0.616,Sweet Caroline,Neil Diamond
402,0.0117,0.421,0.791,1.48e-05,9,0.146,-4.998,1,0.0496,130.075,0.499,Elastic Heart,Sia
403,0.0472,0.628,0.698,0.00143,6,0.0907,-5.608,0,0.105,89.976,0.732,Cheap Thrills,Sia
404,0.12,0.659,0.767,0.0,2,0.181,-3.016,1,0.261,181.818,0.554,"Sit Still, Look Pretty",Daya
405,0.222,0.884,0.826,2.29e-06,11,0.0719,-3.672,0,0.0854,94.997,0.466,Hide Away,Daya
406,0.0282,0.671,0.916,0.00762,6,0.24,-4.014,0,0.0397,126.01,0.803,No Money,Galantis
407,0.18,0.694,0.556,0.0284,5,0.105,-8.558,0,0.0892,119.946,0.197,Sonnentanz (Sun Don’t Shine),Klangkarussell
408,0.135,0.747,0.716,0.0,11,0.251,-2.457,0,0.075,125.008,0.751,Starships,Nicki Minaj
409,0.413,0.703,0.603,0.00125,4,0.141,-8.687,1,0.161,112.015,0.309,Shine - Kygo Remix,Benjamin Francis Leftwich
410,0.0444,0.648,0.736,0.000137,8,0.171,-7.948,1,0.0385,103.027,0.378,Stay,Kygo
411,0.174,0.681,0.392,0.724,3,0.0746,-6.538,1,0.0342,127.956,0.302,Punga,Klingande
412,0.177,0.708,0.6,0.119,2,0.0578,-7.099,0,0.0407,112.995,0.604,Miami 82 - Kygo Remix,Syn Cole
413,0.0157,0.579,0.68,0.0,8,0.0699,-5.634,1,0.076,100.033,0.211,Try Me (feat. Jennifer Lopez & Matoma),Jason Derulo
414,0.0935,0.612,0.761,0.355,11,0.146,-6.783,0,0.307,124.928,0.46,The Sun - Klingande Remix Radio Edit,Parov Stelar
415,0.356,0.715,0.768,0.362,6,0.11,-3.731,0,0.0352,119.996,0.54,Back Home - Matoma Remix,MYNGA
416,0.132,0.697,0.479,0.000103,5,0.0803,-7.949,1,0.0874,113.999,0.614,Younger - Kygo Remix,Seinabo Sey
417,0.00411,0.635,0.945,2.41e-05,2,0.314,-2.298,1,0.036,125.024,0.686,Give Me Your Love (feat. John Newman & Nile Rodgers),Sigala
418,0.048,0.771,0.692,0.25,0,0.052,-6.495,0,0.0311,115.987,0.443,Shine - Matoma Remix,Felix Jaehn
419,0.0152,0.482,0.927,0.000148,7,0.305,-2.371,1,0.063,174.05,0.586,Say You Do - Radio Edit,Sigala
420,0.106,0.615,0.738,4.61e-06,2,0.0855,-5.767,0,0.0554,124.022,0.54,RIVA (Restart the Game) - Radio Edit,Klingande
421,0.59,0.674,0.678,0.222,10,0.051,-8.452,0,0.0406,99.985,0.465,Cut Your Teeth - Kygo Remix,Kyla La Grange
422,0.00821,0.829,0.51,0.0014,5,0.0829,-9.334,0,0.0369,119.993,0.45,Waves - Robin Schulz Radio Edit,Mr. Probz
423,0.639,0.569,0.764,1.09e-05,7,0.36,-5.549,1,0.0454,142.02,0.132,Geronimo - Matoma Remix,Sheppard
424,0.185,0.698,0.476,0.238,0,0.0542,-7.459,1,0.0417,124.986,0.181,Jubel - Original Mix,Klingande
425,0.0972,0.688,0.889,0.000397,9,0.0964,-4.311,1,0.0571,124.04,0.573,Easy Love,Sigala
426,0.199,0.63,0.928,0.124,9,0.148,-2.787,0,0.0331,123.963,0.465,This Is What You Came For,Calvin Harris
427,0.0834,0.63,0.848,4.34e-06,0,0.205,-4.592,1,0.0428,124.987,0.551,Real Love,Clean Bandit
428,0.0126,0.673,0.766,0.00142,0,0.0669,-6.843,1,0.035,125.997,0.53,Divine Sorrow - Klingande Remix,Wyclef Jean
429,0.18,0.679,0.867,0.0,11,0.667,-3.867,0,0.219,125.988,0.597,Freak,R3HAB
430,0.0291,0.589,0.651,3.2e-06,6,0.111,-5.097,1,0.0306,90.011,0.166,Faded,Alan Walker
431,0.453,0.459,0.587,0.0,9,0.307,-6.983,1,0.0785,113.901,0.581,Fast Car,Jonas Blue
432,0.0225,0.632,0.575,1.81e-06,5,0.104,-6.478,1,0.029,90.037,0.188,The Ocean (feat. Shy Martin),Mike Perry
433,0.197,0.456,0.777,0.0,3,0.112,-5.97,1,0.055,102.968,0.285,Surprise Yourself - GRYFFIN x Manila Killa Remix,Jack Garratt
434,0.476,0.435,0.726,0.0,10,0.266,-6.153,1,0.137,123.938,0.609,Into The Sunset,Mako
435,0.111,0.663,0.777,0.0149,5,0.0498,-5.464,0,0.0301,123.035,0.238,Raindrops - Radio Edit,SNBRN
436,0.00104,0.708,0.945,0.0803,5,0.227,-3.247,0,0.234,127.96,0.545,Peanut Butter Jelly,Galantis
437,0.0234,0.786,0.696,0.0019,9,0.0839,-5.796,0,0.0428,121.974,0.306,I Follow Rivers - The Magician Remix,Lykke Li
438,0.0435,0.713,0.802,0.00377,4,0.309,-7.055,1,0.0561,100.001,0.343,Roses,The Chainsmokers
439,0.037,0.673,0.79,9.95e-06,7,0.0875,-4.663,0,0.0893,102.013,0.705,I Took A Pill In Ibiza - Seeb Remix,Mike Posner
440,0.0369,0.736,0.879,0.000736,9,0.233,-3.782,0,0.0696,107.976,0.757,Light It Up (feat. Nyla & Fuse ODG) - Remix,Major Lazer
441,0.0553,0.683,0.91,4.78e-06,10,0.336,-1.231,1,0.0515,124.977,0.674,Sweet Lovin' - Radio Edit,Sigala
442,0.0938,0.617,0.675,9.45e-05,6,0.0945,-6.695,1,0.0316,122.009,0.224,Losing U,Klingande
443,0.161,0.652,0.802,0.0,11,0.143,-5.308,1,0.0669,167.952,0.559,Another Day in Paradise,Quinn XCII
444,0.0258,0.745,0.68,0.00919,3,0.111,-7.397,1,0.0286,122.004,0.419,In The Morning Light - Radio Mix,Alex Schulz
445,0.102,0.602,0.895,0.0645,7,0.353,-4.567,1,0.0316,114.962,0.365,Talking Body - Gryffin Remix,Tove Lo
446,0.155,0.679,0.662,0.0,8,0.152,-6.069,0,0.174,99.879,0.438,Stole the Show,Kygo
447,0.00747,0.53,0.55,0.000492,0,0.0898,-6.631,0,0.0457,139.98,0.208,Youth - Adventure Club Remix,Foxes
448,0.535,0.68,0.772,0.0153,10,0.147,-5.995,1,0.0416,105.005,0.376,Here for You,Kygo
449,0.0166,0.527,0.835,0.0,6,0.249,-5.298,1,0.0433,125.983,0.654,The Nights,Avicii
450,0.354,0.794,0.476,0.00307,2,0.332,-4.337,0,0.0558,129.827,0.471,Trndsttr (Lucian Remix) [feat. M. Maggie],Black Coast
451,0.00224,0.727,0.85,0.00843,4,0.412,-4.991,0,0.0425,121.973,0.28,How Deep Is Your Love - Chris Lake Remix,Calvin Harris
452,0.00381,0.854,0.679,0.000257,2,0.0287,-7.49,1,0.127,124.045,0.711,Say My Name (feat. Zyra) - Hermitude Remix,ODESZA
453,0.00346,0.723,0.809,0.00123,7,0.565,-3.081,0,0.0625,98.007,0.274,Lean On (feat. MØ & DJ Snake),Major Lazer
454,0.0557,0.69,0.857,0.11,10,0.0341,-5.613,1,0.0405,136.99,0.409,High You Are,What So Not
455,0.0012,0.677,0.811,0.00761,11,0.0896,-4.53,0,0.043,128.004,0.185,Secrets - Radio Edit,Tiësto
456,0.00553,0.606,0.847,0.00169,10,0.819,-5.96,1,0.403,126.257,0.483,Call On Me - Radio Edit,Eric Prydz
457,0.00435,0.792,0.688,0.00477,0,0.0972,-4.008,1,0.0386,124.987,0.502,Intoxicated - Radio Edit,Martin Solveig
458,0.168,0.722,0.789,0.0177,9,0.0913,-5.484,1,0.041,112.001,0.043,Leave A Trace - Goldroom Remix,CHVRCHES
459,0.00149,0.638,0.816,0.00115,2,0.195,-5.503,1,0.0308,112.014,0.386,Wasted,Tiësto
460,0.04,0.59,0.724,4.07e-05,0,0.142,-3.278,1,0.0439,127.059,0.526,The Days,Avicii
461,0.0197,0.399,0.787,6.07e-05,1,0.0685,-2.88,1,0.0499,117.089,0.572,Chandelier,Sia
462,0.0279,0.554,0.805,0.0,4,0.359,-3.128,1,0.0597,98.981,0.697,Shark In The Water,V V Brown
463,0.461,0.676,0.762,0.0,1,0.0574,-4.172,1,0.0351,119.003,0.81,King of Anything,Sara Bareilles
464,0.878,0.576,0.267,0.0,2,0.119,-5.668,1,0.044,205.888,0.326,FourFiveSeconds,Rihanna
465,0.0265,0.566,0.679,0.0,4,0.0956,-4.901,1,0.0267,100.034,0.395,Happily Ever After,He Is We
466,0.314,0.56,0.825,0.0,11,0.227,-3.794,1,0.0352,94.931,0.339,A Thousand Miles,Vanessa Carlton
467,0.285,0.456,0.728,0.0,1,0.0343,-3.725,1,0.0435,203.962,0.724,Uncharted,Sara Bareilles
468,0.572,0.652,0.349,0.0,3,0.0889,-6.468,1,0.0272,154.976,0.546,Blame It On The Rain,He Is We
469,0.00482,0.689,0.737,0.0,9,0.0777,-4.516,1,0.0268,140.0,0.47,Who Knew,P!nk
470,0.0647,0.575,0.886,0.000187,5,0.709,-5.182,1,0.034,96.308,0.608,Torn,Natalie Imbruglia
471,0.00502,0.551,0.836,2.1e-05,10,0.0425,-3.838,0,0.0524,185.063,0.758,Brave,Sara Bareilles
472,0.28,0.565,0.513,0.0,4,0.11,-6.476,1,0.0243,86.037,0.452,All About Us,He Is We
473,0.417,0.386,0.452,0.0,2,0.0881,-7.715,1,0.0278,169.837,0.287,Breathe (2 AM),Anna Nalick
474,0.411,0.597,0.576,0.0,0,0.114,-7.37,1,0.029,135.135,0.264,White Houses,Vanessa Carlton
475,0.0754,0.231,0.721,0.0,6,0.0992,-4.581,1,0.0351,177.876,0.37,Shine,Anna Nalick
476,0.0383,0.575,0.648,0.0,7,0.364,-4.747,1,0.0333,92.021,0.494,F**kin' Perfect,P!nk
477,0.00283,0.453,0.788,0.000119,7,0.441,-5.712,1,0.0326,126.737,0.793,Carry on Wayward Son,Kansas
478,0.44,0.769,0.437,0.0,1,0.116,-6.406,1,0.0363,103.921,0.737,That's How You Know (feat. Kid Ink & Bebe Rexha),Nico & Vinz
479,0.0378,0.753,0.796,0.0,9,0.331,-6.406,1,0.0576,122.025,0.605,"Honey, I'm Good.",Andy Grammer
480,0.466,0.776,0.574,7.83e-05,5,0.131,-9.882,0,0.0317,121.03,0.412,Are You With Me - Radio Edit,Lost Frequencies
481,0.603,0.623,0.627,0.00908,5,0.316,-6.73,1,0.0518,100.04,0.459,ILYSB,LANY
482,0.58,0.599,0.699,0.276,1,0.108,-7.588,0,0.1,120.927,0.296,Ohio - filous Remix,Damien Jurado
483,0.478,0.791,0.494,0.00475,8,0.0996,-11.077,1,0.0456,109.998,0.317,Coming Over - filous Remix,James Hersey
484,0.299,0.743,0.564,0.000693,5,0.109,-8.761,1,0.045,120.012,0.505,How Hard I Try,filous
485,0.00213,0.598,0.624,2.01e-06,10,0.117,-6.581,1,0.0543,128.037,0.137,Kanye,The Chainsmokers
486,0.0127,0.564,0.639,0.0,4,0.133,-6.828,0,0.038,126.062,0.0624,New York City,The Chainsmokers
487,0.0541,0.577,0.698,0.0,1,0.131,-4.773,1,0.0451,128.061,0.324,Until You Were Gone,The Chainsmokers
488,0.0147,0.811,0.499,2.44e-06,5,0.342,-7.161,0,0.118,111.016,0.466,Hands To Myself,Selena Gomez
489,0.157,0.532,0.869,0.00508,11,0.136,-5.094,1,0.172,159.803,0.422,Don't Let Me Down,The Chainsmokers
490,0.000502,0.516,0.908,1.62e-05,8,0.198,-3.312,1,0.0372,87.508,0.23,Nobody To Love,Sigma
491,0.261,0.679,0.576,0.000113,4,0.366,-6.609,0,0.0402,154.09,0.348,Nothing Left,Kygo
492,0.0661,0.404,0.723,1.91e-06,6,0.233,-5.26,1,0.0571,160.048,0.225,This Is War,Thirty Seconds To Mars
493,0.0208,0.869,0.687,1e-06,1,0.114,-6.816,1,0.263,96.006,0.668,F**kin' Problems,A$AP Rocky
494,0.57,0.859,0.654,0.0147,9,0.498,-6.326,1,0.258,94.004,0.897,Good Day,Nappy Roots
495,0.0161,0.534,0.825,0.0,7,0.101,-5.229,1,0.036,135.945,0.279,Bring Me Back to Life,Ht Bristol
496,0.000891,0.481,0.94,0.0,7,0.0939,-5.204,1,0.066,96.493,0.66,Absolutely (Story of a Girl) - Radio Mix,Nine Days
497,0.0227,0.585,0.77,5.6e-06,3,0.0692,-4.604,1,0.0396,122.987,0.393,Atmosphere,Kaskade
498,0.00817,0.435,0.76,0.00173,11,0.123,-4.912,0,0.0386,127.911,0.192,A Little More,Kaskade
499,0.0632,0.416,0.848,0.0172,3,0.105,-4.688,0,0.0596,127.905,0.165,Last Chance,Kaskade
500,0.185,0.621,0.831,0.000925,6,0.102,-3.793,0,0.038,125.946,0.527,Never Sleep Alone (feat. Tess Comrie),Kaskade
501,0.0111,0.77,0.635,0.00491,7,0.0702,-6.262,1,0.084,121.188,0.336,Say Something,Karen Harding
502,0.53,0.511,0.596,0.0,0,0.0798,-6.56,1,0.224,158.063,0.554,Sunday Candy,Donnie Trumpet & The Social Experiment
503,0.713,0.545,0.376,0.000389,9,0.112,-8.344,0,0.0288,91.469,0.169,Hurt,Johnny Cash
504,0.466,0.674,0.584,0.00195,8,0.187,-8.204,1,0.0318,98.293,0.96,I Want You Back,The Jackson 5
505,0.705,0.831,0.794,3.4e-05,2,0.0978,-3.701,0,0.0752,118.075,0.735,Baby I'm Yours,Breakbot Feat. Irfane
506,0.00701,0.578,0.866,0.0,1,0.257,-3.804,1,0.0619,128.038,0.619,Shut Up and Dance,WALK THE MOON
507,0.0245,0.597,0.685,0.000335,11,0.182,-6.371,1,0.0367,122.002,0.369,Headlights (feat. Ilsey),Robin Schulz
508,0.0304,0.578,0.69,0.00107,2,0.103,-8.435,0,0.0425,129.919,0.267,Alchemy,Above & Beyond
509,0.0746,0.599,0.854,0.0,9,0.278,-5.429,1,0.0436,119.986,0.311,I Lived,OneRepublic
510,0.0846,0.717,0.455,0.0,5,0.11,-8.303,1,0.0276,127.81,0.389,Budapest,George Ezra
511,8.74e-05,0.438,0.94,0.0777,2,0.3,-3.249,1,0.0452,100.99,0.421,Time to Pretend,MGMT
512,0.114,0.775,0.655,0.00016,5,0.035,-7.333,1,0.102,114.503,0.346,Doses & Mimosas,Cherub
513,0.408,0.486,0.652,6.63e-05,11,0.077,-7.226,0,0.052,113.055,0.391,Firestone (feat. Conrad Sewell),Kygo
514,0.0355,0.767,0.699,2.07e-06,1,0.0884,-5.586,0,0.064,127.995,0.653,Die Young REMIX,Kesha
515,0.00173,0.572,0.937,0.405,10,0.356,-3.778,0,0.0361,113.014,0.275,Circle Down (Keljet Remix),AYER
516,0.501,0.834,0.496,3.07e-06,0,0.0449,-13.653,1,0.0597,138.791,0.944,Escape (The Pina Colada Song),Rupert Holmes
517,0.00829,0.196,0.841,0.00319,5,0.0571,-7.357,1,0.0579,150.44,0.33,Free Bird,Lynyrd Skynyrd
518,0.431,0.484,0.731,0.0,1,0.151,-6.694,1,0.0379,101.654,0.51,Riptide,Vance Joy
519,0.321,0.689,0.68,0.0211,0,0.0431,-7.196,0,0.0427,100.987,0.646,Sexual Healing - Kygo Remix,Marvin Gaye
520,0.0788,0.337,0.365,3.84e-05,0,0.202,-15.091,1,0.0318,136.264,0.497,Space Oddity - 2009 Remastered Version,David Bowie
521,0.857,0.438,0.213,0.0,7,0.0809,-12.311,1,0.0319,121.359,0.666,"Leaving, on a Jet Plane",John Denver
522,0.726,0.486,0.312,1.59e-06,2,0.0601,-13.522,1,0.0533,205.917,0.598,(Sittin' On) The Dock Of The Bay,Otis Redding
523,0.726,0.486,0.312,1.59e-06,2,0.0601,-13.522,1,0.0533,205.917,0.598,(Sittin' On) The Dock Of The Bay,Otis Redding
524,0.17,0.734,0.736,0.0,9,0.186,-8.107,0,0.0394,117.634,0.961,Don't You Want Me,The Human League
525,0.13,0.749,0.484,0.137,5,0.0501,-9.944,1,0.0484,167.084,0.939,You Make My Dreams - Remastered,Daryl Hall & John Oates
526,0.382,0.539,0.884,0.00166,9,0.76,-6.53,1,0.0403,100.812,0.752,Dancing Queen,ABBA
527,0.0534,0.613,0.684,0.0,5,0.0662,-6.488,0,0.104,97.028,0.399,I. The Worst Guys,Childish Gambino
528,0.149,0.473,0.461,0.0,6,0.0973,-6.474,0,0.333,165.985,0.615,3005,Childish Gambino
529,0.0754,0.739,0.52,0.0,9,0.382,-6.301,1,0.0679,126.041,0.247,Sanctified,Rick Ross
530,0.0254,0.573,0.941,0.000291,1,0.182,-3.593,0,0.0483,150.045,0.624,Roll the Bass,Major Lazer
531,0.423,0.784,0.38,0.0,5,0.103,-13.109,1,0.252,172.948,0.938,You Make My Dreams Come True,The Bridgettes
532,0.0817,0.743,0.832,1.17e-06,9,0.08,-7.3,0,0.0377,117.002,0.966,Don't You Want Me Baby,A.M.P.
533,0.151,0.851,0.551,0.0,4,0.0827,-5.177,1,0.0396,131.922,0.807,I'm Gonna Be (500 Miles),The Proclaimers
534,0.323,0.547,0.644,0.0,2,0.206,-4.504,1,0.0288,97.174,0.342,Sitting On The Dock Of The Bay,Smith & Myers
535,0.123,0.523,0.491,0.0,7,0.331,-9.876,0,0.0491,80.156,0.408,Often - Kygo Remix,The Weeknd
536,0.98,0.277,0.01,0.848,4,0.131,-32.893,0,0.0359,102.397,0.0353,aisatsana [102],Aphex Twin
537,0.0678,0.442,0.606,1.43e-05,9,0.0973,-5.825,1,0.0259,171.982,0.359,Somewhere Only We Know,Keane
538,0.0343,0.534,0.721,6.24e-06,11,0.115,-7.307,0,0.0417,128.978,0.225,Cough Syrup,Young the Giant
539,0.000728,0.556,0.763,6.79e-06,6,0.071,-3.952,0,0.0413,138.986,0.814,What You Know,Two Door Cinema Club
540,0.00559,0.65,0.833,0.000727,0,0.186,-5.079,1,0.0355,119.939,0.68,Something Good Can Work,Two Door Cinema Club
541,0.00043,0.439,0.86,1.68e-05,11,0.0783,-4.824,0,0.168,159.821,0.578,Undercover Martyn,Two Door Cinema Club
542,0.098,0.515,0.767,0.0,2,0.121,-6.199,1,0.0352,148.024,0.38,Secrets,OneRepublic
543,0.0215,0.46,0.786,0.0,1,0.133,-5.238,1,0.038,103.192,0.408,Little Talks,Of Monsters and Men
544,0.000392,0.486,0.831,0.0,5,0.363,-5.5,1,0.0506,148.026,0.8,Animal,Neon Trees
545,0.00584,0.478,0.915,0.0,8,0.386,-3.858,1,0.0652,154.955,0.703,Everybody Talks,Neon Trees
546,0.0184,0.254,0.857,0.0,11,0.0767,-4.213,1,0.0604,92.328,0.293,San Francisco,The Mowgli's
547,0.405,0.879,0.574,0.00015,11,0.0913,-8.794,1,0.037,114.001,0.682,Stolen Dance,Milky Chance
548,0.0456,0.442,0.793,0.0,9,0.328,-5.152,1,0.0347,80.985,0.437,Unwell - Remastered Version,Matchbox Twenty
549,0.0136,0.672,0.875,0.0,0,0.279,-3.728,1,0.0378,118.014,0.676,She's So Mean,Matchbox Twenty
550,0.0424,0.629,0.897,0.0,2,0.263,-3.401,1,0.0483,161.944,0.93,The Middle,Jimmy Eat World
551,0.19,0.505,0.71,0.00025,3,0.329,-3.015,1,0.0321,89.938,0.428,Demons,Imagine Dragons
552,0.634,0.566,0.664,0.0,4,0.116,-5.303,0,0.0464,128.945,0.437,Take Me to Church,Hozier
553,0.222,0.636,0.625,5.35e-05,11,0.119,-7.895,1,0.0277,93.931,0.342,Collide,Howie Day
554,0.857,0.407,0.147,2.89e-06,2,0.0913,-8.822,1,0.0355,141.284,0.0765,Say Something,A Great Big World
555,0.00174,0.486,0.592,0.00114,7,0.0935,-5.176,1,0.0298,113.228,0.329,Better Days,The Goo Goo Dolls
556,0.00133,0.291,0.79,5.61e-06,11,0.0811,-5.683,0,0.0363,155.667,0.513,Iris,The Goo Goo Dolls
557,0.0436,0.763,0.631,0.0,2,0.425,-6.424,1,0.0652,108.515,0.839,Walking The Dog,fun.
558,0.258,0.646,0.787,0.0,0,0.199,-4.654,1,0.0602,131.036,0.773,All The Pretty Girls,fun.
559,0.0178,0.672,0.738,6.75e-05,0,0.0927,-7.045,1,0.0506,107.938,0.392,Some Nights,fun.
560,0.0172,0.496,0.863,0.0,11,0.0676,-2.509,1,0.043,133.879,0.509,All at Once,The Fray
561,0.269,0.64,0.743,0.0,10,0.101,-4.08,1,0.0379,122.035,0.361,How to Save a Life,The Fray
562,0.022,0.592,0.729,0.0,8,0.0653,-4.156,1,0.0448,116.03,0.709,Over My Head (Cable Car),The Fray
563,0.568,0.23,0.492,8.18e-06,8,0.176,-5.767,1,0.0317,160.139,0.262,Never Say Never,The Fray
564,0.0187,0.338,0.803,0.0,8,0.136,-5.412,0,0.0413,151.994,0.4,You Found Me,The Fray
565,0.000423,0.278,0.676,0.000899,9,0.136,-8.821,1,0.0371,104.545,0.494,Take Me Out,Franz Ferdinand
566,0.0107,0.417,0.77,1.86e-05,0,0.39,-5.588,1,0.0599,131.956,0.177,"No Light, No Light",Florence + The Machine
567,0.0126,0.519,0.808,0.0,10,0.105,-4.097,1,0.0383,107.505,0.251,Shake It Out,Florence + The Machine
568,0.645,0.696,0.892,0.00102,0,0.442,-4.098,1,0.0396,126.035,0.861,Told You Once,The Apples In Stereo
569,0.0907,0.254,0.887,3.32e-06,6,0.107,-3.995,1,0.082,210.687,0.691,Energy,The Apples In Stereo
570,0.213,0.341,0.539,6.44e-05,5,0.109,-5.76,1,0.0265,174.564,0.267,Hero,Family of the Year
571,0.327,0.59,0.562,0.0,10,0.135,-5.8,1,0.029,119.429,0.271,The Riddle,Five For Fighting
572,0.544,0.643,0.569,2.17e-05,7,0.178,-7.459,1,0.0276,120.507,0.275,100 Years,Five For Fighting
573,0.0733,0.382,0.416,0.0,0,0.0719,-9.303,1,0.0302,102.089,0.125,Superman (It's Not Easy),Five For Fighting
574,0.242,0.529,0.912,0.0,3,0.215,-5.683,0,0.0459,157.35,0.667,Danger Zone,Kenny Loggins
575,0.0416,0.341,0.674,5.47e-06,2,0.345,-7.643,1,0.0492,88.933,0.452,Fat Bottomed Girls - Remastered 2011,Queen
576,0.422,0.671,0.711,0.0,2,0.104,-7.813,1,0.0478,113.809,0.466,Under Pressure - Remastered,Queen
577,0.0488,0.559,0.855,0.000681,5,0.68,-5.077,1,0.186,156.311,0.605,Don't Stop Me Now - Remastered,Queen
578,0.114,0.697,0.809,0.000521,9,0.183,-8.197,1,0.0302,125.941,0.98,September,"Earth, Wind & Fire"
579,0.655,0.445,0.318,0.000742,7,0.0901,-9.728,1,0.0275,139.583,0.189,Wild Horses,The Rolling Stones
580,0.382,0.414,0.428,0.000243,0,0.148,-11.097,1,0.0278,145.075,0.282,Tiny Dancer,Elton John
581,0.579,0.611,0.47,0.0,4,0.581,-9.135,1,0.0356,85.527,0.97,Big Yellow Taxi,Joni Mitchell
582,0.406,0.653,0.519,0.0209,2,0.101,-10.164,1,0.0497,98.883,0.822,For What It's Worth,Buffalo Springfield
583,0.104,0.835,0.706,0.0,5,0.137,-3.219,1,0.193,94.086,0.843,Where Is The Love?,The Black Eyed Peas
584,0.456,0.529,0.663,0.0,9,0.142,-7.138,1,0.0306,148.102,0.592,Wagon Wheel,Darius Rucker
585,0.652,0.388,0.338,3.72e-06,10,0.248,-10.054,1,0.0328,177.784,0.477,Mr. Blue Sky,Electric Light Orchestra
586,0.883,0.414,0.161,0.000223,7,0.117,-22.32,0,0.0318,159.375,0.423,Landslide,Fleetwood Mac
587,0.119,0.805,0.601,0.000129,0,0.0581,-9.7,0,0.0579,94.382,0.746,Sexual Healing,Marvin Gaye
588,0.951,0.413,0.202,0.0,4,0.125,-14.05,1,0.0444,128.767,0.266,I'm Gonna Be (500 Miles),Sleeping At Last
589,0.206,0.711,0.807,0.000387,1,0.0854,-8.817,1,0.0456,118.819,0.861,I Wanna Dance with Somebody (Who Loves Me),Whitney Houston
590,0.00497,0.716,0.464,9.54e-05,8,0.081,-6.003,1,0.24,147.992,0.197,Swimming Pools (Drank),Kendrick Lamar
591,0.708,0.541,0.809,0.0,8,0.72,-4.286,1,0.324,120.094,0.753,i,Kendrick Lamar
592,0.321,0.609,0.738,0.0,5,0.232,-4.444,0,0.357,199.915,0.525,All Your Fault,Big Sean
593,0.345,0.768,0.616,0.0,10,0.129,-7.727,0,0.335,118.793,0.134,Blessings,Big Sean
594,0.033,0.818,0.721,0.0,1,0.345,-5.512,1,0.0658,97.966,0.378,I Don't Fuck With You,Big Sean
595,0.536,0.759,0.635,0.0,7,0.469,-4.679,0,0.325,94.599,0.37,Otis,JAY Z
596,0.134,0.359,0.662,0.0,1,0.0907,-2.843,1,0.0466,152.096,0.288,Bound 2,Kanye West
597,0.00623,0.518,0.893,0.0,6,0.106,-4.27,0,0.357,93.262,0.512,99 Problems,JAY Z
598,0.141,0.5,0.593,6.21e-06,1,0.0969,-4.34,1,0.0898,68.456,0.329,New Slaves,Kanye West
599,0.274,0.59,0.587,0.0,5,0.167,-5.919,1,0.0457,88.015,0.367,Dark Fantasy,Kanye West
600,0.0223,0.638,0.699,0.0,1,0.0917,-5.54,0,0.384,92.939,0.66,Gold Digger,Kanye West
601,0.135,0.786,0.868,0.0,1,0.218,-5.503,1,0.3,140.024,0.771,Ni**as In Paris,JAY Z
602,0.0648,0.855,0.638,0.0,9,0.162,-4.968,0,0.143,122.967,0.412,All Day,Kanye West
603,0.224,0.79,0.578,0.92,7,0.246,-8.753,0,0.043,125.009,0.812,All Night,Parov Stelar
604,0.267,0.859,0.657,0.209,0,0.0801,-5.451,1,0.0496,112.935,0.894,Booty Swing,Parov Stelar
605,0.184,0.827,0.576,0.029,4,0.0656,-7.774,1,0.0372,118.04,0.41,Cheerleader (Felix Jaehn Remix) - Radio Edit,OMI
606,0.0255,0.682,0.68,0.0208,2,0.1,-5.443,1,0.0299,111.035,0.618,Reflections,MisterWives
607,0.0161,0.526,0.712,0.0,11,0.179,-6.525,0,0.0356,105.009,0.32,Midnight City,M83
608,0.00823,0.739,0.82,0.0,5,0.2,-6.099,0,0.0889,127.984,0.775,Jealous (I Ain't With It),Chromeo
609,0.225,0.845,0.746,8.8e-05,5,0.0785,-5.655,0,0.0383,129.97,0.961,Come Alive (feat. Toro Y Moi),Chromeo
610,0.0398,0.509,0.781,0.0,8,0.0749,-3.48,1,0.072,128.0,0.176,Clarity,Zedd
611,0.214,0.753,0.804,2.54e-06,3,0.135,-3.139,0,0.0607,129.988,0.846,No Stress (feat. Eric Carter) - Radio Edit,Laurent Wolf
612,0.154,0.792,0.404,0.0297,5,0.0745,-8.987,0,0.0395,125.991,0.592,Dust Clears (feat. Noonie Bao),Clean Bandit
613,0.162,0.799,0.586,2.03e-06,11,0.193,-6.735,1,0.0377,120.97,0.549,Rather Be (feat. Jess Glynne),Clean Bandit
614,0.00389,0.516,0.806,0.000674,2,0.115,-5.133,1,0.0538,124.118,0.577,Wake Me Up,Avicii
615,0.194,0.805,0.858,7.89e-06,0,0.256,-3.067,1,0.105,97.033,0.523,Old Thing Back (feat. Ja Rule and Ralph Tresvant),Matoma
616,0.125,0.854,0.828,0.415,1,0.202,-6.457,0,0.191,100.969,0.277,Shakedown - LOUDPVCK Remix,Jackal
617,0.377,0.601,0.393,0.0002,10,0.132,-6.879,0,0.0253,75.031,0.27,You & Me - Flume Remix,Disclosure
